Reported Subsectors,CO2,Methane (CH4),Nitrous Oxide (N2O),HFC,PFC,SF6,NF3,Other Fully Fluorinated GHG,Power Plants,Petroleum and Natural Gas Systems,Non-Fluorinated Chemicals,Waste,Minerals,Pulp and Paper,Miscellaneous Combustion,Electronics Manufacturing,year,state
Electronics Manufacturing,25434.0,12.0,6070.856,771.089,60529.475,13244.52,14282.88,13067.0,0.0,0.0,0.0,0.0,0.0,0.0,0.0,133720.000796,2011,MA
Food Processing,36957.9,17.25,20.562,0.0,0.0,0.0,0.0,0.0,0.0,0.0,0.0,0.0,0.0,0.0,36995.712,0.0,2011,MA
Glass Production,43395.5,17.75,21.158,0.0,0.0,0.0,0.0,0.0,0.0,0.0,0.0,0.0,43434.408,0.0,0.0,0.0,2011,MA
Lime Manufacturing,165889.5,70.5,146.318,0.0,0.0,0.0,0.0,0.0,0.0,0.0,0.0,0.0,166106.318,0.0,0.0,0.0,2011,MA
Liquefied Natural Gas Imp./Exp. Equipment,112929.0,630.25,62.878,0.0,0.0,0.0,0.0,0.0,0.0,113622.128,0.0,0.0,0.0,0.0,0.0,0.0,2011,MA
Military,37073.1,24.0,42.018,0.0,0.0,0.0,0.0,0.0,0.0,0.0,0.0,0.0,0.0,0.0,37139.11799999999,0.0,2011,MA
Municipal Landfills,2033.385,461922.391575,102.094502,0.0,0.0,0.0,0.0,0.0,0.0,0.0,0.0,464057.871077,0.0,0.0,0.0,0.0,2011,MA
"Natural Gas Distribution, Natural Gas Local Distribution Companies",7171.6,829396.5,5.364,0.0,0.0,0.0,0.0,0.0,0.0,836573.4639999999,0.0,0.0,0.0,0.0,0.0,0.0,2011,MA
Natural Gas Transmission/Compression,23380.2,1930.25,13.112,0.0,0.0,0.0,0.0,0.0,0.0,25323.562,0.0,0.0,0.0,0.0,0.0,0.0,2011,MA
Other Chemicals,125661.9,59.25,68.838,0.0,0.0,0.0,0.0,0.0,0.0,0.0,125789.988,0.0,0.0,0.0,0.0,0.0,2011,MA
Other Combustion,31721.9,18.75,29.8,0.0,0.0,0.0,0.0,0.0,0.0,0.0,0.0,0.0,0.0,0.0,31770.45,0.0,2011,MA
Other Manufacturing,380744.0,498.75,808.474,0.0,0.0,0.0,0.0,0.0,0.0,0.0,0.0,0.0,0.0,0.0,382051.224,0.0,2011,MA
Other Minerals,68857.8,106.5,213.964,0.0,0.0,0.0,0.0,0.0,0.0,0.0,0.0,0.0,69178.26400000001,0.0,0.0,0.0,2011,MA
Other Paper Producers,61444.6,43.75,82.54599999999999,0.0,0.0,0.0,0.0,0.0,0.0,0.0,0.0,0.0,0.0,61570.896,0.0,0.0,2011,MA
Power Plants,14610757.4,16665.5,26358.696,0.0,0.0,0.0,0.0,0.0,14653781.596,0.0,0.0,0.0,0.0,0.0,0.0,0.0,2011,MA
Solid Waste Combustion,1095666.7,23284.0,36647.444,0.0,0.0,0.0,0.0,0.0,0.0,0.0,0.0,1155598.144,0.0,0.0,0.0,0.0,2011,MA
Universities,534620.7,271.0,374.288,0.0,0.0,0.0,0.0,0.0,0.0,0.0,0.0,0.0,0.0,0.0,535265.988,0.0,2011,MA
Electronics Manufacturing,25099.2,11.75,4093.03,561.8409999999999,69374.226,10294.2,5603.76,11524.0,0.0,0.0,0.0,0.0,0.0,0.0,0.0,126758.7561668,2012,MA
Food Processing,32040.4,14.75,17.582,0.0,0.0,0.0,0.0,0.0,0.0,0.0,0.0,0.0,0.0,0.0,32072.732,0.0,2012,MA
Glass Production,45254.0,18.25,21.456,0.0,0.0,0.0,0.0,0.0,0.0,0.0,0.0,0.0,45293.706,0.0,0.0,0.0,2012,MA
Lime Manufacturing,124970.8,48.0,154.364,0.0,0.0,0.0,0.0,0.0,0.0,0.0,0.0,0.0,125173.164,0.0,0.0,0.0,2012,MA
Liquefied Natural Gas Imp./Exp. Equipment,71522.2,480.25,39.634,0.0,0.0,0.0,0.0,0.0,0.0,72042.084,0.0,0.0,0.0,0.0,0.0,0.0,2012,MA
Military,31408.6,18.25,30.098,0.0,0.0,0.0,0.0,0.0,0.0,0.0,0.0,0.0,0.0,0.0,31456.948,0.0,2012,MA
Municipal Landfills,1961.652595,508480.273,117.679604,0.0,0.0,0.0,0.0,0.0,0.0,0.0,0.0,510559.605199,0.0,0.0,0.0,0.0,2012,MA
"Natural Gas Distribution, Natural Gas Local Distribution Companies",4757.3,805264.25,8.642,0.0,0.0,0.0,0.0,0.0,0.0,810030.192,0.0,0.0,0.0,0.0,0.0,0.0,2012,MA
Natural Gas Transmission/Compression,65487.9,4932.0,36.952,0.0,0.0,0.0,0.0,0.0,0.0,70456.852,0.0,0.0,0.0,0.0,0.0,0.0,2012,MA
Other Chemicals,119202.9,55.25,66.752,0.0,0.0,0.0,0.0,0.0,0.0,0.0,119324.902,0.0,0.0,0.0,0.0,0.0,2012,MA
Other Combustion,21772.5,11.75,16.986,0.0,0.0,0.0,0.0,0.0,0.0,0.0,0.0,0.0,0.0,0.0,21801.236,0.0,2012,MA
Other Manufacturing,388035.9,516.5,847.512,0.0,0.0,0.0,0.0,0.0,0.0,0.0,0.0,0.0,0.0,0.0,389399.912,0.0,2012,MA
Other Minerals,41771.5,64.25,105.79,0.0,0.0,0.0,0.0,0.0,0.0,0.0,0.0,0.0,41941.54,0.0,0.0,0.0,2012,MA
Other Paper Producers,33207.1,26.5,36.356,0.0,0.0,0.0,0.0,0.0,0.0,0.0,0.0,0.0,0.0,33269.956,0.0,0.0,2012,MA
Power Plants,12388886.3,11197.65,17012.522,0.0,0.0,0.0,0.0,0.0,12417096.472,0.0,0.0,0.0,0.0,0.0,0.0,0.0,2012,MA
Solid Waste Combustion,1091740.1,23527.0,36809.556,0.0,0.0,0.0,0.0,0.0,0.0,0.0,0.0,1152076.656,0.0,0.0,0.0,0.0,2012,MA
Universities,499656.4,242.25,313.198,0.0,0.0,0.0,0.0,0.0,0.0,0.0,0.0,0.0,0.0,0.0,500211.8480000001,0.0,2012,MA
Electronics Manufacturing,25568.1,11.75,3367.4,544.8629999999999,57348.32900000001,8898.84,4963.92,11205.0,0.0,0.0,0.0,0.0,0.0,0.0,0.0,112058.3058,2013,MA
Food Processing,36111.6,17.25,20.562,0.0,0.0,0.0,0.0,0.0,0.0,0.0,0.0,0.0,0.0,0.0,36149.412,0.0,2013,MA
Glass Production,42608.7,18.0,21.456,0.0,0.0,0.0,0.0,0.0,0.0,0.0,0.0,0.0,42648.156,0.0,0.0,0.0,2013,MA
Lime Manufacturing,153467.7,62.0,94.16799999999999,0.0,0.0,0.0,0.0,0.0,0.0,0.0,0.0,0.0,153623.868,0.0,0.0,0.0,2013,MA
Liquefied Natural Gas Imp./Exp. Equipment,49241.8,529.75,27.118,0.0,0.0,0.0,0.0,0.0,0.0,49798.66800000001,0.0,0.0,0.0,0.0,0.0,0.0,2013,MA
Military,27508.4,14.0,19.966,0.0,0.0,0.0,0.0,0.0,0.0,0.0,0.0,0.0,0.0,0.0,27542.366,0.0,2013,MA
Municipal Landfills,2189.7,404173.25,121.584,0.0,0.0,0.0,0.0,0.0,0.0,0.0,0.0,406484.534,0.0,0.0,0.0,0.0,2013,MA
"Natural Gas Distribution, Natural Gas Local Distribution Companies",3267.3,782493.75,1.49,0.0,0.0,0.0,0.0,0.0,0.0,785762.5399999999,0.0,0.0,0.0,0.0,0.0,0.0,2013,MA
Natural Gas Transmission/Compression,71498.0,9204.0,41.72,0.0,0.0,0.0,0.0,0.0,0.0,80743.72,0.0,0.0,0.0,0.0,0.0,0.0,2013,MA
Other Chemicals,164310.4,77.25,92.082,0.0,0.0,0.0,0.0,0.0,0.0,0.0,164479.732,0.0,0.0,0.0,0.0,0.0,2013,MA
Other Combustion,26871.5,15.75,25.33,0.0,0.0,0.0,0.0,0.0,0.0,0.0,0.0,0.0,0.0,0.0,26912.58,0.0,2013,MA
Other Manufacturing,385112.7,535.0,875.226,0.0,0.0,0.0,0.0,0.0,0.0,0.0,0.0,0.0,0.0,0.0,386522.9259999999,0.0,2013,MA
Other Minerals,41723.5,19.75,24.436,0.0,0.0,0.0,0.0,0.0,0.0,0.0,0.0,0.0,41767.686,0.0,0.0,0.0,2013,MA
Other Paper Producers,46569.1,28.75,43.21,0.0,0.0,0.0,0.0,0.0,0.0,0.0,0.0,0.0,0.0,46641.06,0.0,0.0,2013,MA
Power Plants,12826767.7,15291.95,24568.014,0.0,0.0,0.0,0.0,0.0,12866627.664,0.0,0.0,0.0,0.0,0.0,0.0,0.0,2013,MA
Solid Waste Combustion,1139760.2,25420.75,39774.954,0.0,0.0,0.0,0.0,0.0,0.0,0.0,0.0,1204955.904,0.0,0.0,0.0,0.0,2013,MA
Universities,522810.9,255.5,334.356,0.0,0.0,0.0,0.0,0.0,0.0,0.0,0.0,0.0,0.0,0.0,523400.7559999999,0.0,2013,MA
Electronics Manufacturing,27993.8,13.25,4773.364,2384.28,56197.77502,17911.68,10567.68,22000.0,0.0,0.0,0.0,0.0,0.0,0.0,0.0,141925.75312,2014,MA
Food Processing,33062.9,15.25,18.178,0.0,0.0,0.0,0.0,0.0,0.0,0.0,0.0,0.0,0.0,0.0,33096.328,0.0,2014,MA
Glass Production,42275.0,17.75,21.158,0.0,0.0,0.0,0.0,0.0,0.0,0.0,0.0,0.0,42313.908,0.0,0.0,0.0,2014,MA
Lime Manufacturing,156723.7,65.0,105.194,0.0,0.0,0.0,0.0,0.0,0.0,0.0,0.0,0.0,156893.894,0.0,0.0,0.0,2014,MA
Liquefied Natural Gas Imp./Exp. Equipment,17728.0,327.0,9.536,0.0,0.0,0.0,0.0,0.0,0.0,18064.536,0.0,0.0,0.0,0.0,0.0,0.0,2014,MA
Military,31610.3,17.75,27.416,0.0,0.0,0.0,0.0,0.0,0.0,0.0,0.0,0.0,0.0,0.0,31655.466,0.0,2014,MA
Municipal Landfills,2485.8,350844.25,99.234,0.0,0.0,0.0,0.0,0.0,0.0,0.0,0.0,353429.284,0.0,0.0,0.0,0.0,2014,MA
"Natural Gas Distribution, Natural Gas Local Distribution Companies",11906.7,745151.75,3.874,0.0,0.0,0.0,0.0,0.0,0.0,757062.324,0.0,0.0,0.0,0.0,0.0,0.0,2014,MA
Natural Gas Transmission/Compression,65617.6,8617.5,36.952,0.0,0.0,0.0,0.0,0.0,0.0,74272.052,0.0,0.0,0.0,0.0,0.0,0.0,2014,MA
Other Chemicals,121562.4,57.5,68.838,0.0,0.0,0.0,0.0,0.0,0.0,0.0,121688.738,0.0,0.0,0.0,0.0,0.0,2014,MA
Other Combustion,27320.7,15.25,24.436,0.0,0.0,0.0,0.0,0.0,0.0,0.0,0.0,0.0,0.0,0.0,27360.386,0.0,2014,MA
Other Manufacturing,369434.3,509.25,837.9759999999999,0.0,0.0,0.0,0.0,0.0,0.0,0.0,0.0,0.0,0.0,0.0,370781.526,0.0,2014,MA
Other Minerals,40582.7,19.0,22.648,0.0,0.0,0.0,0.0,0.0,0.0,0.0,0.0,0.0,40624.348,0.0,0.0,0.0,2014,MA
Other Paper Producers,51659.7,25.0,31.588,0.0,0.0,0.0,0.0,0.0,0.0,0.0,0.0,0.0,0.0,51716.28799999999,0.0,0.0,2014,MA
Power Plants,11078588.9,11958.0,19363.146,0.0,0.0,0.0,0.0,0.0,11109910.046,0.0,0.0,0.0,0.0,0.0,0.0,0.0,2014,MA
Solid Waste Combustion,1175858.7,25454.5,39828.892,0.0,0.0,0.0,0.0,0.0,0.0,0.0,0.0,1241142.092,0.0,0.0,0.0,0.0,2014,MA
Universities,519219.6,265.25,363.858,0.0,0.0,0.0,0.0,0.0,0.0,0.0,0.0,0.0,0.0,0.0,519848.708,0.0,2014,MA
Electronics Manufacturing,20788.0,9.75,2087.788,1025.295,50488.038516,9003.720000000001,2476.8,3560.0,0.0,0.0,0.0,0.0,0.0,0.0,0.0,89439.44551599999,2015,MA
Food Processing,16010.4,7.5,8.94,0.0,0.0,0.0,0.0,0.0,0.0,0.0,0.0,0.0,0.0,0.0,16026.84,0.0,2015,MA
Glass Production,41208.5,18.25,21.754,0.0,0.0,0.0,0.0,0.0,0.0,0.0,0.0,0.0,41248.504,0.0,0.0,0.0,2015,MA
Lime Manufacturing,155164.2,58.5,96.25399999999999,0.0,0.0,0.0,0.0,0.0,0.0,0.0,0.0,0.0,155318.954,0.0,0.0,0.0,2015,MA
Liquefied Natural Gas Imp./Exp. Equipment,34859.4,333.0,18.774,0.0,0.0,0.0,0.0,0.0,0.0,35211.174,0.0,0.0,0.0,0.0,0.0,0.0,2015,MA
Military,28008.7,17.25,28.906,0.0,0.0,0.0,0.0,0.0,0.0,0.0,0.0,0.0,0.0,0.0,28054.856,0.0,2015,MA
Municipal Landfills,2192.5,361074.5,89.996,0.0,0.0,0.0,0.0,0.0,0.0,0.0,0.0,363356.996,0.0,0.0,0.0,0.0,2015,MA
"Natural Gas Distribution, Natural Gas Local Distribution Companies",14911.3,725061.25,23.84,0.0,0.0,0.0,0.0,0.0,0.0,739996.39,0.0,0.0,0.0,0.0,0.0,0.0,2015,MA
Natural Gas Transmission/Compression,70935.7,7278.25,39.634,0.0,0.0,0.0,0.0,0.0,0.0,78253.584,0.0,0.0,0.0,0.0,0.0,0.0,2015,MA
Other Chemicals,119655.8,55.75,66.45400000000001,0.0,0.0,0.0,0.0,0.0,0.0,0.0,119778.004,0.0,0.0,0.0,0.0,0.0,2015,MA
Other Combustion,28486.5,15.5,22.35,0.0,0.0,0.0,0.0,0.0,0.0,0.0,0.0,0.0,0.0,0.0,28524.35,0.0,2015,MA
Other Manufacturing,359698.5,434.0,707.75,0.0,0.0,0.0,0.0,0.0,0.0,0.0,0.0,0.0,0.0,0.0,360840.2499999999,0.0,2015,MA
Other Minerals,39401.7,19.0,22.648,0.0,0.0,0.0,0.0,0.0,0.0,0.0,0.0,0.0,39443.348,0.0,0.0,0.0,2015,MA
Other Paper Producers,50948.2,24.25,30.694,0.0,0.0,0.0,0.0,0.0,0.0,0.0,0.0,0.0,0.0,51003.144,0.0,0.0,2015,MA
Power Plants,11517351.2,10938.275,17217.248,0.0,0.0,0.0,0.0,0.0,11545506.723,0.0,0.0,0.0,0.0,0.0,0.0,0.0,2015,MA
Solid Waste Combustion,1179990.1,25181.5,39401.56,0.0,0.0,0.0,0.0,0.0,0.0,0.0,0.0,1244573.16,0.0,0.0,0.0,0.0,2015,MA
Universities,518429.3,266.0,370.712,0.0,0.0,0.0,0.0,0.0,0.0,0.0,0.0,0.0,0.0,0.0,519066.012,0.0,2015,MA
Electronics Manufacturing,9683.0,4.5,1866.374,1007.88,45688.999394,10043.4,454.08,2880.0,0.0,0.0,0.0,0.0,0.0,0.0,0.0,71628.23339400001,2016,MA
Food Processing,819.7,0.25,0.298,0.0,0.0,0.0,0.0,0.0,0.0,0.0,0.0,0.0,0.0,0.0,820.248,0.0,2016,MA
Glass Production,33085.1,14.25,16.986,0.0,0.0,0.0,0.0,0.0,0.0,0.0,0.0,0.0,33116.336,0.0,0.0,0.0,2016,MA
Lime Manufacturing,142145.3,47.75,75.394,0.0,0.0,0.0,0.0,0.0,0.0,0.0,0.0,0.0,142268.444,0.0,0.0,0.0,2016,MA
Liquefied Natural Gas Imp./Exp. Equipment,58241.0,603.0,32.482,0.0,0.0,0.0,0.0,0.0,0.0,58876.482,0.0,0.0,0.0,0.0,0.0,0.0,2016,MA
Military,26870.3,16.0,26.82,0.0,0.0,0.0,0.0,0.0,0.0,0.0,0.0,0.0,0.0,0.0,26913.12,0.0,2016,MA
Municipal Landfills,1725.6,326545.0,113.836,0.0,0.0,0.0,0.0,0.0,0.0,0.0,0.0,328384.436,0.0,0.0,0.0,0.0,2016,MA
"Natural Gas Distribution, Natural Gas Local Distribution Companies",7105.499999999999,700375.0,15.794,0.0,0.0,0.0,0.0,0.0,0.0,707496.294,0.0,0.0,0.0,0.0,0.0,0.0,2016,MA
Natural Gas Transmission Pipelines,8.7,7520.25,0.0,0.0,0.0,0.0,0.0,0.0,0.0,7528.95,0.0,0.0,0.0,0.0,0.0,0.0,2016,MA
Natural Gas Transmission/Compression,93806.20000000001,7933.5,52.746,0.0,0.0,0.0,0.0,0.0,0.0,101792.446,0.0,0.0,0.0,0.0,0.0,0.0,2016,MA
Other Chemicals,114761.5,54.0,64.368,0.0,0.0,0.0,0.0,0.0,0.0,0.0,114879.868,0.0,0.0,0.0,0.0,0.0,2016,MA
Other Combustion,33205.6,18.5,29.204,0.0,0.0,0.0,0.0,0.0,0.0,0.0,0.0,0.0,0.0,0.0,33253.304,0.0,2016,MA
Other Manufacturing,298219.3,149.0,195.488,0.0,0.0,0.0,0.0,0.0,0.0,0.0,0.0,0.0,0.0,0.0,298563.788,0.0,2016,MA
Other Minerals,40483.2,19.25,22.946,0.0,0.0,0.0,0.0,0.0,0.0,0.0,0.0,0.0,40525.396,0.0,0.0,0.0,2016,MA
Other Paper Producers,61760.0,29.75,37.846,0.0,0.0,0.0,0.0,0.0,0.0,0.0,0.0,0.0,0.0,61827.596,0.0,0.0,2016,MA
Power Plants,10864792.7,10046.025,15422.692,0.0,0.0,0.0,0.0,0.0,10890261.417,0.0,0.0,0.0,0.0,0.0,0.0,0.0,2016,MA
Solid Waste Combustion,1199442.7,24957.25,39049.92000000001,0.0,0.0,0.0,0.0,0.0,0.0,0.0,0.0,1263449.87,0.0,0.0,0.0,0.0,2016,MA
Universities,504727.9,245.5,312.006,0.0,0.0,0.0,0.0,0.0,0.0,0.0,0.0,0.0,0.0,0.0,505285.4060000001,0.0,2016,MA
Electronics Manufacturing,9086.3,4.0,1738.234,4084.8,51556.674576,7740.6,407.64,4190.0,0.0,0.0,0.0,0.0,0.0,0.0,0.0,78808.24857600001,2017,MA
Glass Production,37284.6,16.25,19.37,0.0,0.0,0.0,0.0,0.0,0.0,0.0,0.0,0.0,37320.22,0.0,0.0,0.0,2017,MA
Lime Manufacturing,158297.4,53.25,83.738,0.0,0.0,0.0,0.0,0.0,0.0,0.0,0.0,0.0,158434.388,0.0,0.0,0.0,2017,MA
Liquefied Natural Gas Imp./Exp. Equipment,53770.8,397.0,30.098,0.0,0.0,0.0,0.0,0.0,0.0,54197.898,0.0,0.0,0.0,0.0,0.0,0.0,2017,MA
Military,26723.3,13.75,20.562,0.0,0.0,0.0,0.0,0.0,0.0,0.0,0.0,0.0,0.0,0.0,26757.612,0.0,2017,MA
Municipal Landfills,1443.6,310263.0,108.174,0.0,0.0,0.0,0.0,0.0,0.0,0.0,0.0,311814.7740000001,0.0,0.0,0.0,0.0,2017,MA
"Natural Gas Distribution, Natural Gas Local Distribution Companies",4575.1,666823.75,5.066,0.0,0.0,0.0,0.0,0.0,0.0,671403.916,0.0,0.0,0.0,0.0,0.0,0.0,2017,MA
Natural Gas Transmission Pipelines,2.4,2085.25,0.0,0.0,0.0,0.0,0.0,0.0,0.0,2087.65,0.0,0.0,0.0,0.0,0.0,0.0,2017,MA
Natural Gas Transmission/Compression,79329.79999999999,4588.25,44.7,0.0,0.0,0.0,0.0,0.0,0.0,83962.75,0.0,0.0,0.0,0.0,0.0,0.0,2017,MA
Other Chemicals,116288.5,55.0,65.858,0.0,0.0,0.0,0.0,0.0,0.0,0.0,116409.358,0.0,0.0,0.0,0.0,0.0,2017,MA
Other Combustion,30950.3,15.0,19.668,0.0,0.0,0.0,0.0,0.0,0.0,0.0,0.0,0.0,0.0,0.0,30984.968,0.0,2017,MA
Other Manufacturing,272189.8,133.25,169.562,0.0,0.0,0.0,0.0,0.0,0.0,0.0,0.0,0.0,0.0,0.0,272492.612,0.0,2017,MA
Other Minerals,64626.1,30.0,35.76,0.0,0.0,0.0,0.0,0.0,0.0,0.0,0.0,0.0,64691.86,0.0,0.0,0.0,2017,MA
Other Paper Producers,63635.7,29.75,36.058,0.0,0.0,0.0,0.0,0.0,0.0,0.0,0.0,0.0,0.0,63701.508,0.0,0.0,2017,MA
Power Plants,10436611.7,7796.975,11371.978,0.0,0.0,0.0,0.0,0.0,10455780.653,0.0,0.0,0.0,0.0,0.0,0.0,0.0,2017,MA
Solid Waste Combustion,1130947.3,24879.75,38932.21,0.0,0.0,0.0,0.0,0.0,0.0,0.0,0.0,1194759.26,0.0,0.0,0.0,0.0,2017,MA
Universities,485981.9,240.75,311.41,0.0,0.0,0.0,0.0,0.0,0.0,0.0,0.0,0.0,0.0,0.0,486534.06,0.0,2017,MA
Electronics Manufacturing,8968.7,4.0,1584.168,3645.24,48504.002773,7959.48,605.44,4690.0,0.0,0.0,0.0,0.0,0.0,0.0,0.0,75961.030773,2018,MA
Glass Production,9735.7,4.25,5.066,0.0,0.0,0.0,0.0,0.0,0.0,0.0,0.0,0.0,9745.016000000001,0.0,0.0,0.0,2018,MA
Lime Manufacturing,168498.3,54.25,86.42,0.0,0.0,0.0,0.0,0.0,0.0,0.0,0.0,0.0,168638.97,0.0,0.0,0.0,2018,MA
Liquefied Natural Gas Imp./Exp. Equipment,41209.8,458.5,23.542,0.0,0.0,0.0,0.0,0.0,0.0,41691.842,0.0,0.0,0.0,0.0,0.0,0.0,2018,MA
Military,28485.3,15.0,21.158,0.0,0.0,0.0,0.0,0.0,0.0,0.0,0.0,0.0,0.0,0.0,28521.458,0.0,2018,MA
Municipal Landfills,696.8,302259.75,104.3,0.0,0.0,0.0,0.0,0.0,0.0,0.0,0.0,303060.85,0.0,0.0,0.0,0.0,2018,MA
"Natural Gas Distribution, Natural Gas Local Distribution Companies",3873.600000000001,643660.75,1.788,0.0,0.0,0.0,0.0,0.0,0.0,647536.138,0.0,0.0,0.0,0.0,0.0,0.0,2018,MA
Natural Gas Transmission Pipelines,0.0,23.0,0.0,0.0,0.0,0.0,0.0,0.0,0.0,23.0,0.0,0.0,0.0,0.0,0.0,0.0,2018,MA
Natural Gas Transmission/Compression,84171.0,4710.5,47.084,0.0,0.0,0.0,0.0,0.0,0.0,88928.584,0.0,0.0,0.0,0.0,0.0,0.0,2018,MA
Other Chemicals,117330.9,55.0,65.56,0.0,0.0,0.0,0.0,0.0,0.0,0.0,117451.46,0.0,0.0,0.0,0.0,0.0,2018,MA
Other Combustion,26479.2,12.75,15.496,0.0,0.0,0.0,0.0,0.0,0.0,0.0,0.0,0.0,0.0,0.0,26507.446,0.0,2018,MA
Other Manufacturing,260715.1,127.5,162.41,0.0,0.0,0.0,0.0,0.0,0.0,0.0,0.0,0.0,0.0,0.0,261005.0099999999,0.0,2018,MA
Other Minerals,69868.3,33.25,39.634,0.0,0.0,0.0,0.0,0.0,0.0,0.0,0.0,0.0,69941.18400000001,0.0,0.0,0.0,2018,MA
Other Paper Producers,64445.2,31.0,39.336,0.0,0.0,0.0,0.0,0.0,0.0,0.0,0.0,0.0,0.0,64515.53599999999,0.0,0.0,2018,MA
Power Plants,8081001.4,3949.5,5145.566000000001,0.0,0.0,0.0,0.0,0.0,8090096.466000001,0.0,0.0,0.0,0.0,0.0,0.0,0.0,2018,MA
Solid Waste Combustion,1126286.5,25037.25,39182.828,0.0,0.0,0.0,0.0,0.0,0.0,0.0,0.0,1190506.578,0.0,0.0,0.0,0.0,2018,MA
Universities,516319.9,248.25,312.304,0.0,0.0,0.0,0.0,0.0,0.0,0.0,0.0,0.0,0.0,0.0,516880.454,0.0,2018,MA
Electronics Manufacturing,9005.4,4.0,1426.824,3698.52,41873.560576,9391.32,474.72,4360.0,0.0,0.0,0.0,0.0,0.0,0.0,0.0,70234.344576,2019,MA
Lime Manufacturing,151849.9,43.75,67.94399999999999,0.0,0.0,0.0,0.0,0.0,0.0,0.0,0.0,0.0,151961.594,0.0,0.0,0.0,2019,MA
Liquefied Natural Gas Imp./Exp. Equipment,29911.9,361.25,16.39,0.0,0.0,0.0,0.0,0.0,0.0,30289.54,0.0,0.0,0.0,0.0,0.0,0.0,2019,MA
Military,27952.9,15.5,22.946,0.0,0.0,0.0,0.0,0.0,0.0,0.0,0.0,0.0,0.0,0.0,27991.346,0.0,2019,MA
Municipal Landfills,508.0,304171.75,95.062,0.0,0.0,0.0,0.0,0.0,0.0,0.0,0.0,304774.812,0.0,0.0,0.0,0.0,2019,MA
"Natural Gas Distribution, Natural Gas Local Distribution Companies",920.7,621226.5,5.96,0.0,0.0,0.0,0.0,0.0,0.0,622153.1599999999,0.0,0.0,0.0,0.0,0.0,0.0,2019,MA
Natural Gas Transmission Pipelines,4.5,3869.25,0.0,0.0,0.0,0.0,0.0,0.0,0.0,3873.75,0.0,0.0,0.0,0.0,0.0,0.0,2019,MA
Natural Gas Transmission/Compression,76507.0,5509.75,42.912,0.0,0.0,0.0,0.0,0.0,0.0,82059.662,0.0,0.0,0.0,0.0,0.0,0.0,2019,MA
Other Chemicals,118025.3,55.5,66.45400000000001,0.0,0.0,0.0,0.0,0.0,0.0,0.0,118147.254,0.0,0.0,0.0,0.0,0.0,2019,MA
Other Combustion,28548.8,13.75,16.688,0.0,0.0,0.0,0.0,0.0,0.0,0.0,0.0,0.0,0.0,0.0,28579.238,0.0,2019,MA
Other Manufacturing,261176.9,127.25,161.218,0.0,0.0,0.0,0.0,0.0,0.0,0.0,0.0,0.0,0.0,0.0,261465.368,0.0,2019,MA
Other Minerals,76876.2,36.0,42.912,0.0,0.0,0.0,0.0,0.0,0.0,0.0,0.0,0.0,76955.112,0.0,0.0,0.0,2019,MA
Other Paper Producers,63246.8,30.25,38.144,0.0,0.0,0.0,0.0,0.0,0.0,0.0,0.0,0.0,0.0,63315.194,0.0,0.0,2019,MA
Power Plants,6425040.2,3028.0,3711.59,0.0,0.0,0.0,0.0,0.0,6431779.790000001,0.0,0.0,0.0,0.0,0.0,0.0,0.0,2019,MA
Solid Waste Combustion,1042363.5,24493.0,38329.654,0.0,0.0,0.0,0.0,0.0,0.0,0.0,0.0,1105186.154,0.0,0.0,0.0,0.0,2019,MA
Universities,496444.2,239.5,300.682,0.0,0.0,0.0,0.0,0.0,0.0,0.0,0.0,0.0,0.0,0.0,496984.382,0.0,2019,MA
Electronics Manufacturing,9567.5,4.0,1376.164,2672.88,37429.580985,9165.599999999999,443.76,4270.0,0.0,0.0,0.0,0.0,0.0,0.0,0.0,64938.09798499999,2020,MA
Lime Manufacturing,131455.0,22.0,27.416,0.0,0.0,0.0,0.0,0.0,0.0,0.0,0.0,0.0,131504.416,0.0,0.0,0.0,2020,MA
Liquefied Natural Gas Imp./Exp. Equipment,23786.9,306.75,13.112,0.0,0.0,0.0,0.0,0.0,0.0,24106.762,0.0,0.0,0.0,0.0,0.0,0.0,2020,MA
Military,28263.5,15.75,24.138,0.0,0.0,0.0,0.0,0.0,0.0,0.0,0.0,0.0,0.0,0.0,28303.388,0.0,2020,MA
Municipal Landfills,518.5,269679.25,102.512,0.0,0.0,0.0,0.0,0.0,0.0,0.0,0.0,270300.262,0.0,0.0,0.0,0.0,2020,MA
"Natural Gas Distribution, Natural Gas Local Distribution Companies",978.3,604467.0,11.92,0.0,0.0,0.0,0.0,0.0,0.0,605457.22,0.0,0.0,0.0,0.0,0.0,0.0,2020,MA
Natural Gas Transmission Pipelines,1.8,1516.75,0.0,0.0,0.0,0.0,0.0,0.0,0.0,1518.55,0.0,0.0,0.0,0.0,0.0,0.0,2020,MA
Natural Gas Transmission/Compression,50523.2,4346.5,28.31,0.0,0.0,0.0,0.0,0.0,0.0,54898.01,0.0,0.0,0.0,0.0,0.0,0.0,2020,MA
Other Chemicals,115183.4,54.5,64.964,0.0,0.0,0.0,0.0,0.0,0.0,0.0,115302.864,0.0,0.0,0.0,0.0,0.0,2020,MA
Other Combustion,22266.4,10.5,12.814,0.0,0.0,0.0,0.0,0.0,0.0,0.0,0.0,0.0,0.0,0.0,22289.714,0.0,2020,MA
Other Manufacturing,196712.0,96.5,122.18,0.0,0.0,0.0,0.0,0.0,0.0,0.0,0.0,0.0,0.0,0.0,196930.68,0.0,2020,MA
Other Minerals,70504.0,32.25,38.442,0.0,0.0,0.0,0.0,0.0,0.0,0.0,0.0,0.0,70574.692,0.0,0.0,0.0,2020,MA
Other Paper Producers,61917.5,29.25,35.164,0.0,0.0,0.0,0.0,0.0,0.0,0.0,0.0,0.0,0.0,61981.914,0.0,0.0,2020,MA
Power Plants,6099299.600000001,2847.25,3434.748000000001,0.0,0.0,0.0,0.0,0.0,6105581.598,0.0,0.0,0.0,0.0,0.0,0.0,0.0,2020,MA
Solid Waste Combustion,1122305.1,23058.25,36082.734,0.0,0.0,0.0,0.0,0.0,0.0,0.0,0.0,1181446.084,0.0,0.0,0.0,0.0,2020,MA
Universities,446019.2,214.0,263.73,0.0,0.0,0.0,0.0,0.0,0.0,0.0,0.0,0.0,0.0,0.0,446496.9299999999,0.0,2020,MA
