Reported Subsectors,CO2,Methane (CH4),Nitrous Oxide (N2O),HFC,PFC,SF6,NF3,Other Fully Fluorinated GHG,HFE,Very Short-lived Compounds,Non-Fluorinated Chemicals,Minerals,Electronics Manufacturing,year,state,Waste/Metals/Pulp and Paper/Miscellaneous Combustion,Power Plants/Petroleum and Natural Gas Systems
"Aluminum Production, Industrial Landfills",470785.9,30187.0,52.15000000000001,0.0,481816.0,0.0,0.0,0.0,0.0,0.0,0.0,0.0,0.0,2011,NY,982841.05,0.0
Cement Production,1364485.3,2326.0,4032.834,0.0,0.0,0.0,0.0,0.0,0.0,0.0,0.0,1370844.134,0.0,2011,NY,0.0,0.0
"CO2 Capture, Ethanol Production, Wastewater Treatment",157473.6,371.5,222.308,0.0,0.0,0.0,0.0,0.0,0.0,0.0,0.0,0.0,0.0,2011,NY,158067.408,0.0
"CO2 Capture, Food Processing",30231.7,22.75,35.164,0.0,0.0,0.0,0.0,0.0,0.0,0.0,0.0,0.0,0.0,2011,NY,30289.614,0.0
Electronics Manufacturing,991803.7,2676.25,15847.938,214.8232,34286.961,1696.32,6797.44,54316.0,0.0,0.5630263,0.0,0.0,1107639.9952263,2011,NY,0.0,0.0
Ferroalloy Production,202928.6,881.0,0.894,0.0,0.0,0.0,0.0,0.0,0.0,0.0,0.0,0.0,0.0,2011,NY,203810.494,0.0
Food Processing,328193.9,672.25,1113.626,0.0,0.0,0.0,0.0,0.0,0.0,0.0,0.0,0.0,0.0,2011,NY,329979.776,0.0
Glass Production,334255.8,118.25,140.656,0.0,0.0,0.0,0.0,0.0,0.0,0.0,0.0,334514.706,0.0,2011,NY,0.0,0.0
"Industrial Landfills, Other Manufacturing",140331.9,1504.25,693.744,0.0,0.0,0.0,0.0,0.0,0.0,0.0,0.0,0.0,0.0,2011,NY,142529.894,0.0
"Industrial Landfills, Pulp and Paper Manufacturing",233769.0,65143.25,7006.874,0.0,0.0,0.0,0.0,0.0,0.0,0.0,0.0,0.0,0.0,2011,NY,305919.124,0.0
Iron and Steel Production,165555.6,35.25,69.136,0.0,0.0,0.0,0.0,0.0,0.0,0.0,0.0,0.0,0.0,2011,NY,165659.986,0.0
Lead Production,53467.1,7.25,8.94,0.0,0.0,0.0,0.0,0.0,0.0,0.0,0.0,0.0,0.0,2011,NY,53483.29,0.0
Military,37472.8,18.5,23.542,0.0,0.0,0.0,0.0,0.0,0.0,0.0,0.0,0.0,0.0,2011,NY,37514.842,0.0
Municipal Landfills,10205.421,2144099.68035,757.9907140000001,0.0,0.0,0.0,0.0,0.0,0.0,0.0,0.0,0.0,0.0,2011,NY,2155063.092064,0.0
"Natural Gas Distribution, Natural Gas Local Distribution Companies",154672.4,1268957.0,0.298,0.0,0.0,0.0,0.0,0.0,0.0,0.0,0.0,0.0,0.0,2011,NY,0.0,1423629.698
"Natural Gas Distribution, Natural Gas Local Distribution Companies, Power Plants",5008.0,62809.25,1.788,0.0,0.0,0.0,0.0,0.0,0.0,0.0,0.0,0.0,0.0,2011,NY,0.0,67819.038
"Natural Gas Distribution, Natural Gas Local Distribution Companies, Use of Electrical Equipment",272.4,226927.75,0.0,0.0,0.0,0.0,0.0,0.0,0.0,0.0,0.0,0.0,0.0,2011,NY,0.0,227200.15
Natural Gas Transmission/Compression,333421.4,29624.5,187.74,0.0,0.0,0.0,0.0,0.0,0.0,0.0,0.0,0.0,0.0,2011,NY,0.0,363233.64
Other Chemicals,165111.3,79.75,98.638,0.0,0.0,0.0,0.0,0.0,0.0,0.0,165289.688,0.0,0.0,2011,NY,0.0,0.0
Other Combustion,960518.4,719.75,1451.26,0.0,0.0,0.0,0.0,0.0,0.0,0.0,0.0,0.0,0.0,2011,NY,962689.4099999999,0.0
Other Manufacturing,316404.2999999999,176.0,382.632,0.0,0.0,0.0,0.0,0.0,0.0,0.0,0.0,0.0,0.0,2011,NY,316962.932,0.0
Other Metals,245783.7,105.0,129.034,0.0,0.0,0.0,0.0,0.0,0.0,0.0,0.0,0.0,0.0,2011,NY,246017.734,0.0
Other Minerals,120394.7,153.25,245.254,0.0,0.0,0.0,0.0,0.0,0.0,0.0,0.0,120793.204,0.0,2011,NY,0.0,0.0
Other Paper Producers,205667.7,97.0,116.816,0.0,0.0,0.0,0.0,0.0,0.0,0.0,0.0,0.0,0.0,2011,NY,205881.516,0.0
Power Plants,35334408.40000001,37402.7,74595.062,0.0,0.0,0.0,0.0,0.0,0.0,0.0,0.0,0.0,0.0,2011,NY,0.0,35446406.162
Pulp and Paper Manufacturing,108764.4,4100.25,6984.226,0.0,0.0,0.0,0.0,0.0,0.0,0.0,0.0,0.0,0.0,2011,NY,119848.876,0.0
Solid Waste Combustion,1034525.2,24526.5,38226.844,0.0,0.0,0.0,0.0,0.0,0.0,0.0,0.0,0.0,0.0,2011,NY,1097278.544,0.0
Underground Natural Gas Storage,31430.5,6021.75,17.582,0.0,0.0,0.0,0.0,0.0,0.0,0.0,0.0,0.0,0.0,2011,NY,0.0,37469.83199999999
Universities,561707.0,414.0,545.638,0.0,0.0,0.0,0.0,0.0,0.0,0.0,0.0,0.0,0.0,2011,NY,562666.638,0.0
"Aluminum Production, Industrial Landfills",510675.0,28994.25,38.442,0.0,620678.2,0.0,0.0,0.0,0.0,0.0,0.0,0.0,0.0,2012,NY,1160385.892,0.0
Cement Production,1451545.5,2016.75,3519.678,0.0,0.0,0.0,0.0,0.0,0.0,0.0,0.0,1457081.928,0.0,2012,NY,0.0,0.0
"CO2 Capture, Ethanol Production, Wastewater Treatment",165229.9,416.25,90.29400000000001,0.0,0.0,0.0,0.0,0.0,0.0,0.0,0.0,0.0,0.0,2012,NY,165736.444,0.0
"CO2 Capture, Food Processing",32384.5,30.5,52.746,0.0,0.0,0.0,0.0,0.0,0.0,0.0,0.0,0.0,0.0,2012,NY,32467.746,0.0
Electronics Manufacturing,929656.2,2335.25,15442.36,107.6257,16852.286,1470.6,2667.72,56864.0,34.29,0.14247,0.0,0.0,1025430.47417,2012,NY,0.0,0.0
Ferroalloy Production,232670.5,1033.5,1.192,0.0,0.0,0.0,0.0,0.0,0.0,0.0,0.0,0.0,0.0,2012,NY,233705.192,0.0
Food Processing,334862.1,754.25,1248.024,0.0,0.0,0.0,0.0,0.0,0.0,0.0,0.0,0.0,0.0,2012,NY,336864.374,0.0
Glass Production,350909.4,125.25,150.49,0.0,0.0,0.0,0.0,0.0,0.0,0.0,0.0,351185.14,0.0,2012,NY,0.0,0.0
"Industrial Landfills, Other Manufacturing",118944.8,1410.5,589.444,0.0,0.0,0.0,0.0,0.0,0.0,0.0,0.0,0.0,0.0,2012,NY,120944.744,0.0
"Industrial Landfills, Pulp and Paper Manufacturing",206649.3,65239.25,6924.328,0.0,0.0,0.0,0.0,0.0,0.0,0.0,0.0,0.0,0.0,2012,NY,278812.878,0.0
Iron and Steel Production,154245.1,34.0,60.494,0.0,0.0,0.0,0.0,0.0,0.0,0.0,0.0,0.0,0.0,2012,NY,154339.594,0.0
Lead Production,71615.8,8.25,8.94,0.0,0.0,0.0,0.0,0.0,0.0,0.0,0.0,0.0,0.0,2012,NY,71632.99,0.0
Military,34957.4,17.25,22.052,0.0,0.0,0.0,0.0,0.0,0.0,0.0,0.0,0.0,0.0,2012,NY,34996.702,0.0
Municipal Landfills,10496.277541,2168772.516,730.097616,0.0,0.0,0.0,0.0,0.0,0.0,0.0,0.0,0.0,0.0,2012,NY,2179998.891157,0.0
"Natural Gas Distribution, Natural Gas Local Distribution Companies",15801.1,1507863.75,2.086,0.0,0.0,0.0,0.0,0.0,0.0,0.0,0.0,0.0,0.0,2012,NY,0.0,1523666.936
Natural Gas Transmission/Compression,322232.6,35619.0,179.992,0.0,0.0,0.0,0.0,0.0,0.0,0.0,0.0,0.0,0.0,2012,NY,0.0,358031.5920000001
Other Chemicals,165424.4,78.5,93.572,0.0,0.0,0.0,0.0,0.0,0.0,0.0,165596.472,0.0,0.0,2012,NY,0.0,0.0
Other Combustion,905257.6000000001,444.0,668.116,0.0,0.0,0.0,0.0,0.0,0.0,0.0,0.0,0.0,0.0,2012,NY,906369.716,0.0
Other Manufacturing,165267.6,97.75,200.852,0.0,0.0,0.0,0.0,0.0,0.0,0.0,0.0,0.0,0.0,2012,NY,165566.202,0.0
Other Metals,251759.2,118.25,140.954,0.0,0.0,0.0,0.0,0.0,0.0,0.0,0.0,0.0,0.0,2012,NY,252018.404,0.0
Other Minerals,211690.6,205.25,313.496,0.0,0.0,0.0,0.0,0.0,0.0,0.0,0.0,212209.346,0.0,2012,NY,0.0,0.0
Other Paper Producers,196819.0,93.0,111.75,0.0,0.0,0.0,0.0,0.0,0.0,0.0,0.0,0.0,0.0,2012,NY,197023.75,0.0
Other Petroleum and Natural Gas Systems,25642.3,12.0,14.9,0.0,0.0,0.0,0.0,0.0,0.0,0.0,0.0,0.0,0.0,2012,NY,0.0,25669.2
Power Plants,34077020.90000001,30447.29999999999,51478.00999999999,0.0,0.0,0.0,0.0,0.0,0.0,0.0,0.0,0.0,0.0,2012,NY,0.0,34158946.21000001
Pulp and Paper Manufacturing,93833.3,2855.25,5004.314,0.0,0.0,0.0,0.0,0.0,0.0,0.0,0.0,0.0,0.0,2012,NY,101692.864,0.0
Solid Waste Combustion,1057165.4,24608.75,38450.94,0.0,0.0,0.0,0.0,0.0,0.0,0.0,0.0,0.0,0.0,2012,NY,1120225.09,0.0
Underground Natural Gas Storage,24831.2,4649.75,14.006,0.0,0.0,0.0,0.0,0.0,0.0,0.0,0.0,0.0,0.0,2012,NY,0.0,29494.956
Universities,524904.5,317.5,440.4440000000001,0.0,0.0,0.0,0.0,0.0,0.0,0.0,0.0,0.0,0.0,2012,NY,525662.4439999999,0.0
"Aluminum Production, Industrial Landfills",471104.9,23220.75,39.634,0.0,594755.98,0.0,0.0,0.0,0.0,0.0,0.0,0.0,0.0,2013,NY,1089121.264,0.0
Cement Production,1342583.1,1484.5,2606.01,0.0,0.0,0.0,0.0,0.0,0.0,0.0,0.0,1346673.61,0.0,2013,NY,0.0,0.0
"CO2 Capture, Ethanol Production",97024.0,45.5,51.256,0.0,0.0,0.0,0.0,0.0,0.0,0.0,0.0,0.0,0.0,2013,NY,97120.756,0.0
"CO2 Capture, Ethanol Production, Wastewater Treatment",75323.8,71.0,42.912,0.0,0.0,0.0,0.0,0.0,0.0,0.0,0.0,0.0,0.0,2013,NY,75437.712,0.0
"CO2 Capture, Food Processing",35348.5,31.25,53.342,0.0,0.0,0.0,0.0,0.0,0.0,0.0,0.0,0.0,0.0,2013,NY,35433.092,0.0
Electronics Manufacturing,75483.9,36.5,13265.47,166.9061,21061.192,1356.6,3900.96,96979.0,1286.354,0.0007889,0.0,0.0,213536.8828889,2013,NY,0.0,0.0
Ferroalloy Production,213594.3,951.75,0.894,0.0,0.0,0.0,0.0,0.0,0.0,0.0,0.0,0.0,0.0,2013,NY,214546.944,0.0
Food Processing,343398.9,578.25,963.136,0.0,0.0,0.0,0.0,0.0,0.0,0.0,0.0,0.0,0.0,2013,NY,344940.286,0.0
Glass Production,343381.6,122.5,143.636,0.0,0.0,0.0,0.0,0.0,0.0,0.0,0.0,343647.736,0.0,2013,NY,0.0,0.0
"Industrial Landfills, Other Manufacturing",130107.4,1334.25,653.812,0.0,0.0,0.0,0.0,0.0,0.0,0.0,0.0,0.0,0.0,2013,NY,132095.462,0.0
"Industrial Landfills, Pulp and Paper Manufacturing",217657.4,51737.25,1782.934,0.0,0.0,0.0,0.0,0.0,0.0,0.0,0.0,0.0,0.0,2013,NY,271177.58400000003,0.0
Iron and Steel Production,142642.3,35.5,205.918,0.0,0.0,0.0,0.0,0.0,0.0,0.0,0.0,0.0,0.0,2013,NY,142883.718,0.0
Lead Production,76389.1,8.5,8.94,0.0,0.0,0.0,0.0,0.0,0.0,0.0,0.0,0.0,0.0,2013,NY,76406.54000000001,0.0
Military,37880.7,18.5,23.542,0.0,0.0,0.0,0.0,0.0,0.0,0.0,0.0,0.0,0.0,2013,NY,37922.742,0.0
Municipal Landfills,9549.7,1862801.0,689.5719999999999,0.0,0.0,0.0,0.0,0.0,0.0,0.0,0.0,0.0,0.0,2013,NY,1873040.272,0.0
"Natural Gas Distribution, Natural Gas Local Distribution Companies",18341.6,1422065.0,1.192,0.0,0.0,0.0,0.0,0.0,0.0,0.0,0.0,0.0,0.0,2013,NY,0.0,1440407.792
Natural Gas Transmission/Compression,354542.7,36631.5,198.766,0.0,0.0,0.0,0.0,0.0,0.0,0.0,0.0,0.0,0.0,2013,NY,0.0,391372.966
Other Chemicals,184662.8,87.0,104.002,0.0,0.0,0.0,0.0,0.0,0.0,0.0,184853.802,0.0,0.0,2013,NY,0.0,0.0
Other Combustion,843679.7,502.0,878.2059999999999,0.0,0.0,0.0,0.0,0.0,0.0,0.0,0.0,0.0,0.0,2013,NY,845059.9060000001,0.0
Other Manufacturing,173808.1,123.5,317.966,0.0,0.0,0.0,0.0,0.0,0.0,0.0,0.0,0.0,0.0,2013,NY,174249.566,0.0
Other Metals,299085.4,142.5,301.576,0.0,0.0,0.0,0.0,0.0,0.0,0.0,0.0,0.0,0.0,2013,NY,299529.476,0.0
Other Minerals,211708.3,240.5,368.328,0.0,0.0,0.0,0.0,0.0,0.0,0.0,0.0,212317.128,0.0,2013,NY,0.0,0.0
Other Paper Producers,240788.9,113.0,132.61,0.0,0.0,0.0,0.0,0.0,0.0,0.0,0.0,0.0,0.0,2013,NY,241034.51,0.0
Other Petroleum and Natural Gas Systems,31150.9,14.75,17.88,0.0,0.0,0.0,0.0,0.0,0.0,0.0,0.0,0.0,0.0,2013,NY,0.0,31183.53
Power Plants,32402046.0,35474.24999999999,58338.566,0.0,0.0,0.0,0.0,0.0,0.0,0.0,0.0,0.0,0.0,2013,NY,0.0,32495858.81600001
Pulp and Paper Manufacturing,90987.1,517.5,2604.52,0.0,0.0,0.0,0.0,0.0,0.0,0.0,0.0,0.0,0.0,2013,NY,94109.12000000001,0.0
Solid Waste Combustion,1059785.1,24281.0,37988.444,0.0,0.0,0.0,0.0,0.0,0.0,0.0,0.0,0.0,0.0,2013,NY,1122054.544,0.0
Underground Natural Gas Storage,23561.5,3992.0,11.92,0.0,0.0,0.0,0.0,0.0,0.0,0.0,0.0,0.0,0.0,2013,NY,0.0,27565.42
Universities,557598.4,321.25,533.122,0.0,0.0,0.0,0.0,0.0,0.0,0.0,0.0,0.0,0.0,2013,NY,558452.772,0.0
"Aluminum Production, Industrial Landfills",312241.1,22472.5,49.766,0.0,160546.777,0.0,0.0,0.0,0.0,0.0,0.0,0.0,0.0,2014,NY,495310.143,0.0
Cement Production,1151301.0,3978.75,73320.814,0.0,0.0,0.0,0.0,0.0,0.0,0.0,0.0,1228600.564,0.0,2014,NY,0.0,0.0
"CO2 Capture, Ethanol Production",99824.6,47.25,56.322,0.0,0.0,0.0,0.0,0.0,0.0,0.0,0.0,0.0,0.0,2014,NY,99928.172,0.0
"CO2 Capture, Ethanol Production, Wastewater Treatment",76672.2,100.25,43.806,0.0,0.0,0.0,0.0,0.0,0.0,0.0,0.0,0.0,0.0,2014,NY,76816.256,0.0
"CO2 Capture, Food Processing",35098.0,27.5,45.594,0.0,0.0,0.0,0.0,0.0,0.0,0.0,0.0,0.0,0.0,2014,NY,35171.094,0.0
Electronics Manufacturing,104321.9,50.75,14496.21,898.2984,45412.539394,5964.48,11002.84,80579.0,271.35,7.8e-06,0.0,0.0,262997.3678018,2014,NY,0.0,0.0
Ferroalloy Production,201707.2,876.75,1.192,0.0,0.0,0.0,0.0,0.0,0.0,0.0,0.0,0.0,0.0,2014,NY,202585.142,0.0
Food Processing,306010.8,382.75,614.774,0.0,0.0,0.0,0.0,0.0,0.0,0.0,0.0,0.0,0.0,2014,NY,307008.324,0.0
Glass Production,353919.1,126.5,151.086,0.0,0.0,0.0,0.0,0.0,0.0,0.0,0.0,354196.686,0.0,2014,NY,0.0,0.0
"Industrial Landfills, Other Manufacturing",126474.7,1263.25,70.924,0.0,0.0,0.0,0.0,0.0,0.0,0.0,0.0,0.0,0.0,2014,NY,127808.874,0.0
"Industrial Landfills, Pulp and Paper Manufacturing",244337.7,51627.0,1594.896,0.0,0.0,0.0,0.0,0.0,0.0,0.0,0.0,0.0,0.0,2014,NY,297559.596,0.0
Iron and Steel Production,145134.6,33.75,53.938,0.0,0.0,0.0,0.0,0.0,0.0,0.0,0.0,0.0,0.0,2014,NY,145222.288,0.0
Lead Production,83193.4,9.25,11.026,0.0,0.0,0.0,0.0,0.0,0.0,0.0,0.0,0.0,0.0,2014,NY,83213.67599999999,0.0
Military,38367.9,18.75,24.138,0.0,0.0,0.0,0.0,0.0,0.0,0.0,0.0,0.0,0.0,2014,NY,38410.788,0.0
Municipal Landfills,6565.399999999999,2038996.5,679.44,0.0,0.0,0.0,0.0,0.0,0.0,0.0,0.0,0.0,0.0,2014,NY,2046241.34,0.0
"Natural Gas Distribution, Natural Gas Local Distribution Companies",12753.2,1390853.0,0.0,0.0,0.0,0.0,0.0,0.0,0.0,0.0,0.0,0.0,0.0,2014,NY,0.0,1403606.2
Natural Gas Transmission/Compression,528172.2,45514.5,296.51,0.0,0.0,0.0,0.0,0.0,0.0,0.0,0.0,0.0,0.0,2014,NY,0.0,573983.2100000001
Other Chemicals,177463.7,85.75,106.684,0.0,0.0,0.0,0.0,0.0,0.0,0.0,177656.134,0.0,0.0,2014,NY,0.0,0.0
Other Combustion,848718.5,447.5,641.594,0.0,0.0,0.0,0.0,0.0,0.0,0.0,0.0,0.0,0.0,2014,NY,849807.5939999999,0.0
Other Manufacturing,196206.8,92.5,110.26,0.0,0.0,0.0,0.0,0.0,0.0,0.0,0.0,0.0,0.0,2014,NY,196409.56,0.0
Other Metals,296855.3,142.25,173.734,0.0,0.0,0.0,0.0,0.0,0.0,0.0,0.0,0.0,0.0,2014,NY,297171.284,0.0
Other Minerals,229710.1,247.25,384.718,0.0,0.0,0.0,0.0,0.0,0.0,0.0,0.0,230342.068,0.0,2014,NY,0.0,0.0
Other Paper Producers,330060.9,155.25,185.058,0.0,0.0,0.0,0.0,0.0,0.0,0.0,0.0,0.0,0.0,2014,NY,330401.208,0.0
Other Petroleum and Natural Gas Systems,24308.4,11.5,13.708,0.0,0.0,0.0,0.0,0.0,0.0,0.0,0.0,0.0,0.0,2014,NY,0.0,24333.608
Power Plants,32837322.9,35323.2,58703.914,0.0,0.0,0.0,0.0,0.0,0.0,0.0,0.0,0.0,0.0,2014,NY,0.0,32931350.01399999
Pulp and Paper Manufacturing,99583.5,520.25,2583.362,0.0,0.0,0.0,0.0,0.0,0.0,0.0,0.0,0.0,0.0,2014,NY,102687.112,0.0
Solid Waste Combustion,1087045.3,24302.5,38022.714,0.0,0.0,0.0,0.0,0.0,0.0,0.0,0.0,0.0,0.0,2014,NY,1149370.514,0.0
Underground Natural Gas Storage,19544.1,38269.5,11.026,0.0,0.0,0.0,0.0,0.0,0.0,0.0,0.0,0.0,0.0,2014,NY,0.0,57824.626
Universities,558744.4,333.75,554.578,0.0,0.0,0.0,0.0,0.0,0.0,0.0,0.0,0.0,0.0,2014,NY,559632.728,0.0
"Aluminum Production, Industrial Landfills",291918.2,9245.75,44.7,0.0,20420.468,0.0,0.0,0.0,0.0,0.0,0.0,0.0,0.0,2015,NY,321629.118,0.0
Cement Production,1418874.9,1292.0,2220.1,0.0,0.0,0.0,0.0,0.0,0.0,0.0,0.0,1422387.0,0.0,2015,NY,0.0,0.0
"CO2 Capture, Ethanol Production",113858.2,53.5,63.772,0.0,0.0,0.0,0.0,0.0,0.0,0.0,0.0,0.0,0.0,2015,NY,113975.472,0.0
"CO2 Capture, Ethanol Production, Wastewater Treatment",75704.0,87.25,43.508,0.0,0.0,0.0,0.0,0.0,0.0,0.0,0.0,0.0,0.0,2015,NY,75834.758,0.0
"CO2 Capture, Food Processing",36227.2,29.75,50.064,0.0,0.0,0.0,0.0,0.0,0.0,0.0,0.0,0.0,0.0,2015,NY,36307.014,0.0
Electronics Manufacturing,141092.9,72.0,19043.988,732.8058000000001,52334.446394,2970.84,7977.36,138689.0,364.9779,8.400000000000001e-06,0.0,0.0,363278.3181024001,2015,NY,0.0,0.0
Ferroalloy Production,207696.5,901.0,0.596,0.0,0.0,0.0,0.0,0.0,0.0,0.0,0.0,0.0,0.0,2015,NY,208598.096,0.0
Food Processing,310394.0,392.0,634.4420000000001,0.0,0.0,0.0,0.0,0.0,0.0,0.0,0.0,0.0,0.0,2015,NY,311420.442,0.0
Glass Production,354889.0,127.75,152.576,0.0,0.0,0.0,0.0,0.0,0.0,0.0,0.0,355169.326,0.0,2015,NY,0.0,0.0
Hydrogen Production,25299.6,0.0,0.0,0.0,0.0,0.0,0.0,0.0,0.0,0.0,25299.6,0.0,0.0,2015,NY,0.0,0.0
"Industrial Landfills, Other Manufacturing",125555.4,1192.75,70.626,0.0,0.0,0.0,0.0,0.0,0.0,0.0,0.0,0.0,0.0,2015,NY,126818.776,0.0
"Industrial Landfills, Pulp and Paper Manufacturing",231647.2,51418.5,1417.884,0.0,0.0,0.0,0.0,0.0,0.0,0.0,0.0,0.0,0.0,2015,NY,284483.58400000003,0.0
Iron and Steel Production,151363.7,34.75,58.11,0.0,0.0,0.0,0.0,0.0,0.0,0.0,0.0,0.0,0.0,2015,NY,151456.56,0.0
Lead Production,75335.6,8.75,10.43,0.0,0.0,0.0,0.0,0.0,0.0,0.0,0.0,0.0,0.0,2015,NY,75354.78,0.0
Military,54429.2,26.25,32.482,0.0,0.0,0.0,0.0,0.0,0.0,0.0,0.0,0.0,0.0,2015,NY,54487.932,0.0
Municipal Landfills,6543.8,1974120.25,637.422,0.0,0.0,0.0,0.0,0.0,0.0,0.0,0.0,0.0,0.0,2015,NY,1981301.472,0.0
"Natural Gas Distribution, Natural Gas Local Distribution Companies",14937.0,1339232.5,7.45,0.0,0.0,0.0,0.0,0.0,0.0,0.0,0.0,0.0,0.0,2015,NY,0.0,1354176.95
Natural Gas Transmission/Compression,543020.8999999999,62898.25,305.45,0.0,0.0,0.0,0.0,0.0,0.0,0.0,0.0,0.0,0.0,2015,NY,0.0,606224.6
Other Chemicals,176506.3,86.5,110.26,0.0,0.0,0.0,0.0,0.0,0.0,0.0,176703.06,0.0,0.0,2015,NY,0.0,0.0
Other Combustion,864249.1,459.5,665.732,0.0,0.0,0.0,0.0,0.0,0.0,0.0,0.0,0.0,0.0,2015,NY,865374.332,0.0
Other Manufacturing,196962.6,93.75,113.538,0.0,0.0,0.0,0.0,0.0,0.0,0.0,0.0,0.0,0.0,2015,NY,197169.888,0.0
Other Metals,283309.4,134.0,161.218,0.0,0.0,0.0,0.0,0.0,0.0,0.0,0.0,0.0,0.0,2015,NY,283604.618,0.0
Other Minerals,260313.2,255.25,389.486,0.0,0.0,0.0,0.0,0.0,0.0,0.0,0.0,260957.936,0.0,2015,NY,0.0,0.0
Other Paper Producers,354422.0,166.75,198.766,0.0,0.0,0.0,0.0,0.0,0.0,0.0,0.0,0.0,0.0,2015,NY,354787.516,0.0
Other Petroleum and Natural Gas Systems,30273.4,14.25,16.986,0.0,0.0,0.0,0.0,0.0,0.0,0.0,0.0,0.0,0.0,2015,NY,0.0,30304.636
Power Plants,31690743.9,29457.525,47833.17200000001,0.0,0.0,0.0,0.0,0.0,0.0,0.0,0.0,0.0,0.0,2015,NY,0.0,31768034.59700001
Pulp and Paper Manufacturing,88509.1,541.25,2726.402,0.0,0.0,0.0,0.0,0.0,0.0,0.0,0.0,0.0,0.0,2015,NY,91776.75200000001,0.0
Solid Waste Combustion,1112889.0,24834.5,38854.13400000001,0.0,0.0,0.0,0.0,0.0,0.0,0.0,0.0,0.0,0.0,2015,NY,1176577.634,0.0
Underground Natural Gas Storage,23943.8,25130.5,13.41,0.0,0.0,0.0,0.0,0.0,0.0,0.0,0.0,0.0,0.0,2015,NY,0.0,49087.71
Universities,556605.9,327.0,498.8520000000001,0.0,0.0,0.0,0.0,0.0,0.0,0.0,0.0,0.0,0.0,2015,NY,557431.752,0.0
Aluminum Production,48805.0,4.25,5.066,0.0,2708.92,0.0,0.0,0.0,0.0,0.0,0.0,0.0,0.0,2016,NY,51523.236,0.0
"Aluminum Production, Industrial Landfills",230393.7,8874.5,29.8,0.0,16343.063,0.0,0.0,0.0,0.0,0.0,0.0,0.0,0.0,2016,NY,255641.063,0.0
Cement Production,620426.8,422.75,713.4119999999999,0.0,0.0,0.0,0.0,0.0,0.0,0.0,0.0,621562.962,0.0,2016,NY,0.0,0.0
"CO2 Capture, Ethanol Production",119095.2,56.0,66.752,0.0,0.0,0.0,0.0,0.0,0.0,0.0,0.0,0.0,0.0,2016,NY,119217.952,0.0
"CO2 Capture, Ethanol Production, Wastewater Treatment",78924.4,84.75,45.296,0.0,0.0,0.0,0.0,0.0,0.0,0.0,0.0,0.0,0.0,2016,NY,79054.446,0.0
"CO2 Capture, Food Processing",32409.3,24.25,39.634,0.0,0.0,0.0,0.0,0.0,0.0,0.0,0.0,0.0,0.0,2016,NY,32473.184,0.0
Electronics Manufacturing,131137.2,66.25,17603.158,744.5599,54416.111394,1340.64,10148.0,73378.0,228.3066,8.1e-06,0.0,0.0,289062.2259021,2016,NY,0.0,0.0
Ferroalloy Production,207926.6,911.75,0.298,0.0,0.0,0.0,0.0,0.0,0.0,0.0,0.0,0.0,0.0,2016,NY,208838.648,0.0
Food Processing,273341.2,150.75,198.17,0.0,0.0,0.0,0.0,0.0,0.0,0.0,0.0,0.0,0.0,2016,NY,273690.12,0.0
Glass Production,352928.7,127.5,151.98,0.0,0.0,0.0,0.0,0.0,0.0,0.0,0.0,353208.18,0.0,2016,NY,0.0,0.0
Hydrogen Production,31932.6,0.0,0.0,0.0,0.0,0.0,0.0,0.0,0.0,0.0,31932.6,0.0,0.0,2016,NY,0.0,0.0
"Industrial Landfills, Other Manufacturing",124295.6,1126.0,69.732,0.0,0.0,0.0,0.0,0.0,0.0,0.0,0.0,0.0,0.0,2016,NY,125491.332,0.0
"Industrial Landfills, Pulp and Paper Manufacturing",202128.0,51520.5,1498.94,0.0,0.0,0.0,0.0,0.0,0.0,0.0,0.0,0.0,0.0,2016,NY,255147.44,0.0
Iron and Steel Production,147286.1,33.25,51.256,0.0,0.0,0.0,0.0,0.0,0.0,0.0,0.0,0.0,0.0,2016,NY,147370.606,0.0
Lead Production,79253.7,9.5,11.324,0.0,0.0,0.0,0.0,0.0,0.0,0.0,0.0,0.0,0.0,2016,NY,79274.52399999999,0.0
Military,49885.4,24.0,29.8,0.0,0.0,0.0,0.0,0.0,0.0,0.0,0.0,0.0,0.0,2016,NY,49939.2,0.0
Municipal Landfills,6684.600000000001,1631197.25,662.454,0.0,0.0,0.0,0.0,0.0,0.0,0.0,0.0,0.0,0.0,2016,NY,1638544.304,0.0
"Natural Gas Distribution, Natural Gas Local Distribution Companies",29217.2,1249207.0,16.092,0.0,0.0,0.0,0.0,0.0,0.0,0.0,0.0,0.0,0.0,2016,NY,0.0,1278440.292
Natural Gas Transmission Pipelines,68.2,59023.5,0.0,0.0,0.0,0.0,0.0,0.0,0.0,0.0,0.0,0.0,0.0,2016,NY,0.0,59091.7
Natural Gas Transmission/Compression,620864.3,53862.25,348.958,0.0,0.0,0.0,0.0,0.0,0.0,0.0,0.0,0.0,0.0,2016,NY,0.0,675075.5079999999
Other Chemicals,46874.2,22.25,26.522,0.0,0.0,0.0,0.0,0.0,0.0,0.0,46922.972,0.0,0.0,2016,NY,0.0,0.0
Other Combustion,938334.9,460.75,590.04,0.0,0.0,0.0,0.0,0.0,0.0,0.0,0.0,0.0,0.0,2016,NY,939385.6900000002,0.0
Other Manufacturing,181873.0,85.75,102.81,0.0,0.0,0.0,0.0,0.0,0.0,0.0,0.0,0.0,0.0,2016,NY,182061.56,0.0
Other Metals,254465.8,119.75,142.742,0.0,0.0,0.0,0.0,0.0,0.0,0.0,0.0,0.0,0.0,2016,NY,254728.292,0.0
Other Minerals,223960.1,268.0,425.246,0.0,0.0,0.0,0.0,0.0,0.0,0.0,0.0,224653.346,0.0,2016,NY,0.0,0.0
Other Paper Producers,370155.3,174.25,207.706,0.0,0.0,0.0,0.0,0.0,0.0,0.0,0.0,0.0,0.0,2016,NY,370537.256,0.0
Power Plants,29836101.09999999,26886.65,44099.232,0.0,0.0,0.0,0.0,0.0,0.0,0.0,0.0,0.0,0.0,2016,NY,0.0,29907086.98199999
Pulp and Paper Manufacturing,146382.2,331.75,1372.886,0.0,0.0,0.0,0.0,0.0,0.0,0.0,0.0,0.0,0.0,2016,NY,148086.836,0.0
Solid Waste Combustion,1093969.2,24742.75,38712.584,0.0,0.0,0.0,0.0,0.0,0.0,0.0,0.0,0.0,0.0,2016,NY,1157424.534,0.0
Underground Natural Gas Storage,30718.1,31027.0,16.986,0.0,0.0,0.0,0.0,0.0,0.0,0.0,0.0,0.0,0.0,2016,NY,0.0,61762.086
Universities,559137.2,313.5,505.706,0.0,0.0,0.0,0.0,0.0,0.0,0.0,0.0,0.0,0.0,2016,NY,559956.406,0.0
Aluminum Production,267024.2,23.25,27.714,0.0,25460.907,0.0,0.0,0.0,0.0,0.0,0.0,0.0,0.0,2017,NY,292536.071,0.0
Cement Production,830174.6,680.5,1162.498,0.0,0.0,0.0,0.0,0.0,0.0,0.0,0.0,832017.598,0.0,2017,NY,0.0,0.0
"CO2 Capture, Ethanol Production",116201.9,55.0,65.56,0.0,0.0,0.0,0.0,0.0,0.0,0.0,0.0,0.0,0.0,2017,NY,116322.46,0.0
"CO2 Capture, Ethanol Production, Wastewater Treatment",78568.4,143.25,44.998,0.0,0.0,0.0,0.0,0.0,0.0,0.0,0.0,0.0,0.0,2017,NY,78756.648,0.0
"CO2 Capture, Food Processing",30263.5,22.5,35.76,0.0,0.0,0.0,0.0,0.0,0.0,0.0,0.0,0.0,0.0,2017,NY,30321.76,0.0
Electronics Manufacturing,112193.6,56.5,19314.274,1094.9657,70902.118197,782.04,11092.28,106005.0,175.2234,1.05e-05,0.0,0.0,321616.0013075001,2017,NY,0.0,0.0
Ferroalloy Production,186477.4,807.75,2.682,0.0,0.0,0.0,0.0,0.0,0.0,0.0,0.0,0.0,0.0,2017,NY,187287.832,0.0
Food Processing,263095.6,125.25,152.576,0.0,0.0,0.0,0.0,0.0,0.0,0.0,0.0,0.0,0.0,2017,NY,263373.426,0.0
Glass Production,356830.3,128.5,153.47,0.0,0.0,0.0,0.0,0.0,0.0,0.0,0.0,357112.27,0.0,2017,NY,0.0,0.0
Hydrogen Production,30050.0,0.0,0.0,0.0,0.0,0.0,0.0,0.0,0.0,0.0,30050.0,0.0,0.0,2017,NY,0.0,0.0
"Industrial Landfills, Other Manufacturing",130223.8,1066.75,73.01,0.0,0.0,0.0,0.0,0.0,0.0,0.0,0.0,0.0,0.0,2017,NY,131363.56,0.0
"Industrial Landfills, Other Metals",10409.9,8508.5,5.96,0.0,0.0,0.0,0.0,0.0,0.0,0.0,0.0,0.0,0.0,2017,NY,18924.36,0.0
"Industrial Landfills, Pulp and Paper Manufacturing",207971.6,51192.5,1571.354,0.0,0.0,0.0,0.0,0.0,0.0,0.0,0.0,0.0,0.0,2017,NY,260735.454,0.0
Iron and Steel Production,165123.4,40.25,61.09,0.0,0.0,0.0,0.0,0.0,0.0,0.0,0.0,0.0,0.0,2017,NY,165224.74,0.0
Lead Production,87839.6,9.75,11.622,0.0,0.0,0.0,0.0,0.0,0.0,0.0,0.0,0.0,0.0,2017,NY,87860.97200000001,0.0
Military,45577.0,22.0,27.416,0.0,0.0,0.0,0.0,0.0,0.0,0.0,0.0,0.0,0.0,2017,NY,45626.416,0.0
Municipal Landfills,8320.6,1730021.5,683.91,0.0,0.0,0.0,0.0,0.0,0.0,0.0,0.0,0.0,0.0,2017,NY,1739026.01,0.0
"Natural Gas Distribution, Natural Gas Local Distribution Companies",11190.6,1202689.5,5.066,0.0,0.0,0.0,0.0,0.0,0.0,0.0,0.0,0.0,0.0,2017,NY,0.0,1213885.166
Natural Gas Transmission Pipelines,42.2,36634.25,0.0,0.0,0.0,0.0,0.0,0.0,0.0,0.0,0.0,0.0,0.0,2017,NY,0.0,36676.45
Natural Gas Transmission/Compression,628461.8,67203.25,353.428,0.0,0.0,0.0,0.0,0.0,0.0,0.0,0.0,0.0,0.0,2017,NY,0.0,696018.4779999999
"Natural Gas Transmission/Compression, Underground Natural Gas Storage",24139.0,31124.75,13.41,0.0,0.0,0.0,0.0,0.0,0.0,0.0,0.0,0.0,0.0,2017,NY,0.0,55277.16
Other Chemicals,44601.3,21.0,25.032,0.0,0.0,0.0,0.0,0.0,0.0,0.0,44647.33199999999,0.0,0.0,2017,NY,0.0,0.0
Other Combustion,860986.7,424.0,543.8499999999999,0.0,0.0,0.0,0.0,0.0,0.0,0.0,0.0,0.0,0.0,2017,NY,861954.55,0.0
Other Manufacturing,184764.5,87.0,104.002,0.0,0.0,0.0,0.0,0.0,0.0,0.0,0.0,0.0,0.0,2017,NY,184955.502,0.0
Other Metals,314191.8,148.25,176.714,0.0,0.0,0.0,0.0,0.0,0.0,0.0,0.0,0.0,0.0,2017,NY,314516.764,0.0
Other Minerals,221364.7,282.0,450.874,0.0,0.0,0.0,0.0,0.0,0.0,0.0,0.0,222097.574,0.0,2017,NY,0.0,0.0
Other Paper Producers,364205.7999999999,172.0,205.322,0.0,0.0,0.0,0.0,0.0,0.0,0.0,0.0,0.0,0.0,2017,NY,364583.122,0.0
Power Plants,24187326.6,21607.025,35752.54999999999,0.0,0.0,0.0,0.0,0.0,0.0,0.0,0.0,0.0,0.0,2017,NY,0.0,24244686.175
Pulp and Paper Manufacturing,121300.8,369.5,1666.714,0.0,0.0,0.0,0.0,0.0,0.0,0.0,0.0,0.0,0.0,2017,NY,123337.014,0.0
Solid Waste Combustion,1082143.2,25633.75,40311.95,0.0,0.0,0.0,0.0,0.0,0.0,0.0,0.0,0.0,0.0,2017,NY,1148088.9,0.0
Underground Natural Gas Storage,5480.4,26267.25,2.98,0.0,0.0,0.0,0.0,0.0,0.0,0.0,0.0,0.0,0.0,2017,NY,0.0,31750.63
Universities,530311.8,386.0,518.818,0.0,0.0,0.0,0.0,0.0,0.0,0.0,0.0,0.0,0.0,2017,NY,531216.618,0.0
Aluminum Production,263763.7,23.75,28.31,0.0,30198.521,0.0,0.0,0.0,0.0,0.0,0.0,0.0,0.0,2018,NY,294014.281,0.0
Cement Production,1280501.8,1112.75,1918.226,0.0,0.0,0.0,0.0,0.0,0.0,0.0,0.0,1283532.776,0.0,2018,NY,0.0,0.0
"CO2 Capture, Ethanol Production",115844.4,54.5,64.964,0.0,0.0,0.0,0.0,0.0,0.0,0.0,0.0,0.0,0.0,2018,NY,115963.864,0.0
"CO2 Capture, Ethanol Production, Wastewater Treatment",77680.6,113.75,44.104,0.0,0.0,0.0,0.0,0.0,0.0,0.0,0.0,0.0,0.0,2018,NY,77838.45400000001,0.0
"CO2 Capture, Food Processing",29046.0,21.75,34.866,0.0,0.0,0.0,0.0,0.0,0.0,0.0,0.0,0.0,0.0,2018,NY,29102.616,0.0
Electronics Manufacturing,104053.2,52.0,25779.086,1681.3081,102831.856394,1039.68,11689.12,117555.0,222.156,0.0010126,0.0,0.0,364903.4075066,2018,NY,0.0,0.0
Ferroalloy Production,179461.8,881.0,0.298,0.0,0.0,0.0,0.0,0.0,0.0,0.0,0.0,0.0,0.0,2018,NY,180343.098,0.0
Food Processing,263235.2,125.5,153.47,0.0,0.0,0.0,0.0,0.0,0.0,0.0,0.0,0.0,0.0,2018,NY,263514.17,0.0
Glass Production,302462.5,109.5,130.524,0.0,0.0,0.0,0.0,0.0,0.0,0.0,0.0,302702.524,0.0,2018,NY,0.0,0.0
Hydrogen Production,34154.3,0.0,0.0,0.0,0.0,0.0,0.0,0.0,0.0,0.0,34154.3,0.0,0.0,2018,NY,0.0,0.0
"Industrial Landfills, Other Manufacturing",133578.6,1009.75,75.096,0.0,0.0,0.0,0.0,0.0,0.0,0.0,0.0,0.0,0.0,2018,NY,134663.446,0.0
"Industrial Landfills, Other Metals",11464.8,8175.25,6.556,0.0,0.0,0.0,0.0,0.0,0.0,0.0,0.0,0.0,0.0,2018,NY,19646.606,0.0
"Industrial Landfills, Pulp and Paper Manufacturing",201169.1,50849.25,1674.76,0.0,0.0,0.0,0.0,0.0,0.0,0.0,0.0,0.0,0.0,2018,NY,253693.11,0.0
Iron and Steel Production,103770.7,22.0,26.224,0.0,0.0,0.0,0.0,0.0,0.0,0.0,0.0,0.0,0.0,2018,NY,103818.924,0.0
Lead Production,81310.6,9.25,11.026,0.0,0.0,0.0,0.0,0.0,0.0,0.0,0.0,0.0,0.0,2018,NY,81330.876,0.0
Military,37760.3,18.5,23.244,0.0,0.0,0.0,0.0,0.0,0.0,0.0,0.0,0.0,0.0,2018,NY,37802.044,0.0
Municipal Landfills,9256.699999999999,1772498.75,610.602,0.0,0.0,0.0,0.0,0.0,0.0,0.0,0.0,0.0,0.0,2018,NY,1782366.052,0.0
"Natural Gas Distribution, Natural Gas Local Distribution Companies",12918.2,1141072.0,5.96,0.0,0.0,0.0,0.0,0.0,0.0,0.0,0.0,0.0,0.0,2018,NY,0.0,1153996.16
Natural Gas Transmission Pipelines,55.90000000000001,48477.5,0.0,0.0,0.0,0.0,0.0,0.0,0.0,0.0,0.0,0.0,0.0,2018,NY,0.0,48533.4
Natural Gas Transmission/Compression,693969.1000000001,65825.5,390.3800000000001,0.0,0.0,0.0,0.0,0.0,0.0,0.0,0.0,0.0,0.0,2018,NY,0.0,760184.98
Other Chemicals,30313.2,14.5,17.88,0.0,0.0,0.0,0.0,0.0,0.0,0.0,30345.58,0.0,0.0,2018,NY,0.0,0.0
Other Combustion,809705.3,403.0,530.44,0.0,0.0,0.0,0.0,0.0,0.0,0.0,0.0,0.0,0.0,2018,NY,810638.74,0.0
Other Manufacturing,161845.4,76.5,91.784,0.0,0.0,0.0,0.0,0.0,0.0,0.0,0.0,0.0,0.0,2018,NY,162013.684,0.0
Other Metals,360849.2,169.75,202.342,0.0,0.0,0.0,0.0,0.0,0.0,0.0,0.0,0.0,0.0,2018,NY,361221.292,0.0
Other Minerals,253293.4,318.25,507.494,0.0,0.0,0.0,0.0,0.0,0.0,0.0,0.0,254119.144,0.0,2018,NY,0.0,0.0
Other Paper Producers,372035.0,178.25,215.454,0.0,0.0,0.0,0.0,0.0,0.0,0.0,0.0,0.0,0.0,2018,NY,372428.7040000001,0.0
"Other Paper Producers, Wastewater Treatment",26570.9,24069.0,24.138,0.0,0.0,0.0,0.0,0.0,0.0,0.0,0.0,0.0,0.0,2018,NY,50664.038,0.0
Power Plants,26495225.1,21775.45,36093.76,0.0,0.0,0.0,0.0,0.0,0.0,0.0,0.0,0.0,0.0,2018,NY,0.0,26553094.30999999
Pulp and Paper Manufacturing,127295.1,368.25,1657.774,0.0,0.0,0.0,0.0,0.0,0.0,0.0,0.0,0.0,0.0,2018,NY,129321.124,0.0
Solid Waste Combustion,1144331.4,25071.75,39223.952,0.0,0.0,0.0,0.0,0.0,0.0,0.0,0.0,0.0,0.0,2018,NY,1208627.102,0.0
Underground Natural Gas Storage,6893.2,31175.75,3.874,0.0,0.0,0.0,0.0,0.0,0.0,0.0,0.0,0.0,0.0,2018,NY,0.0,38072.824
Universities,557166.7,397.75,534.016,0.0,0.0,0.0,0.0,0.0,0.0,0.0,0.0,0.0,0.0,2018,NY,558098.466,0.0
Aluminum Production,275547.3,24.25,28.906,0.0,28466.193,0.0,0.0,0.0,0.0,0.0,0.0,0.0,0.0,2019,NY,304066.649,0.0
Cement Production,1262113.6,1113.0,1916.736,0.0,0.0,0.0,0.0,0.0,0.0,0.0,0.0,1265143.336,0.0,2019,NY,0.0,0.0
"CO2 Capture, Ethanol Production",156201.9,73.5,87.612,0.0,0.0,0.0,0.0,0.0,0.0,0.0,0.0,0.0,0.0,2019,NY,156363.012,0.0
"CO2 Capture, Ethanol Production, Wastewater Treatment",78605.0,114.0,44.7,0.0,0.0,0.0,0.0,0.0,0.0,0.0,0.0,0.0,0.0,2019,NY,78763.7,0.0
"CO2 Capture, Food Processing",29819.2,21.75,36.356,0.0,0.0,0.0,0.0,0.0,0.0,0.0,0.0,0.0,0.0,2019,NY,29877.306,0.0
Electronics Manufacturing,100728.0,49.5,26449.586,1613.357,120935.031394,1233.48,13395.36,104613.3,177.444,1.71e-05,0.0,0.0,369195.0584110999,2019,NY,0.0,0.0
Food Processing,295252.6,143.0,179.098,0.0,0.0,0.0,0.0,0.0,0.0,0.0,0.0,0.0,0.0,2019,NY,295574.698,0.0
Glass Production,313600.7,111.0,132.312,0.0,0.0,0.0,0.0,0.0,0.0,0.0,0.0,313844.012,0.0,2019,NY,0.0,0.0
Hydrogen Production,32320.8,0.0,0.0,0.0,0.0,0.0,0.0,0.0,0.0,0.0,32320.8,0.0,0.0,2019,NY,0.0,0.0
"Industrial Landfills, Other Manufacturing",127421.1,951.75,71.52,0.0,0.0,0.0,0.0,0.0,0.0,0.0,0.0,0.0,0.0,2019,NY,128444.37,0.0
"Industrial Landfills, Other Metals",9617.7,7854.25,5.662,0.0,0.0,0.0,0.0,0.0,0.0,0.0,0.0,0.0,0.0,2019,NY,17477.612,0.0
"Industrial Landfills, Pulp and Paper Manufacturing",173756.5,50914.75,1721.844,0.0,0.0,0.0,0.0,0.0,0.0,0.0,0.0,0.0,0.0,2019,NY,226393.094,0.0
Iron and Steel Production,100869.3,20.25,24.138,0.0,0.0,0.0,0.0,0.0,0.0,0.0,0.0,0.0,0.0,2019,NY,100913.688,0.0
Lead Production,112418.3,10.25,12.218,0.0,0.0,0.0,0.0,0.0,0.0,0.0,0.0,0.0,0.0,2019,NY,112440.768,0.0
Military,39181.1,19.0,23.84,0.0,0.0,0.0,0.0,0.0,0.0,0.0,0.0,0.0,0.0,2019,NY,39223.94,0.0
Municipal Landfills,12658.3,1782805.25,627.2900000000001,0.0,0.0,0.0,0.0,0.0,0.0,0.0,0.0,0.0,0.0,2019,NY,1796090.84,0.0
"Natural Gas Distribution, Natural Gas Local Distribution Companies",13943.4,1098084.0,6.258,0.0,0.0,0.0,0.0,0.0,0.0,0.0,0.0,0.0,0.0,2019,NY,0.0,1112033.658
Natural Gas Transmission Pipelines,32.0,27819.0,0.0,0.0,0.0,0.0,0.0,0.0,0.0,0.0,0.0,0.0,0.0,2019,NY,0.0,27851.0
Natural Gas Transmission/Compression,753679.7,62611.25,424.054,0.0,0.0,0.0,0.0,0.0,0.0,0.0,0.0,0.0,0.0,2019,NY,0.0,816715.004
Other Chemicals,23571.8,11.0,13.112,0.0,0.0,0.0,0.0,0.0,0.0,0.0,23595.912,0.0,0.0,2019,NY,0.0,0.0
Other Combustion,798688.3,403.0,540.274,0.0,0.0,0.0,0.0,0.0,0.0,0.0,0.0,0.0,0.0,2019,NY,799631.5739999999,0.0
Other Manufacturing,190399.6,89.75,107.578,0.0,0.0,0.0,0.0,0.0,0.0,0.0,0.0,0.0,0.0,2019,NY,190596.928,0.0
Other Metals,353429.0,166.75,199.064,0.0,0.0,0.0,0.0,0.0,0.0,0.0,0.0,0.0,0.0,2019,NY,353794.814,0.0
Other Minerals,243899.7,326.0,524.778,0.0,0.0,0.0,0.0,0.0,0.0,0.0,0.0,244750.478,0.0,2019,NY,0.0,0.0
Other Paper Producers,365790.2,172.75,206.812,0.0,0.0,0.0,0.0,0.0,0.0,0.0,0.0,0.0,0.0,2019,NY,366169.762,0.0
"Other Paper Producers, Wastewater Treatment",27777.3,1014.5,15.496,0.0,0.0,0.0,0.0,0.0,0.0,0.0,0.0,0.0,0.0,2019,NY,28807.296,0.0
Power Plants,23513749.0,19485.85,31129.08,0.0,0.0,0.0,0.0,0.0,0.0,0.0,0.0,0.0,0.0,2019,NY,0.0,23564363.93000001
Pulp and Paper Manufacturing,144144.9,379.25,1660.456,0.0,0.0,0.0,0.0,0.0,0.0,0.0,0.0,0.0,0.0,2019,NY,146184.606,0.0
Solid Waste Combustion,1088527.1,25192.5,39414.97,0.0,0.0,0.0,0.0,0.0,0.0,0.0,0.0,0.0,0.0,2019,NY,1153134.57,0.0
Underground Natural Gas Storage,8179.3,25883.0,4.47,0.0,0.0,0.0,0.0,0.0,0.0,0.0,0.0,0.0,0.0,2019,NY,0.0,34066.77
Universities,550829.1,507.0,704.77,0.0,0.0,0.0,0.0,0.0,0.0,0.0,0.0,0.0,0.0,2019,NY,552040.87,0.0
Aluminum Production,266836.5,19.75,23.542,0.0,27769.378,0.0,0.0,0.0,0.0,0.0,0.0,0.0,0.0,2020,NY,294649.17,0.0
Cement Production,1026545.4,423.5,689.274,0.0,0.0,0.0,0.0,0.0,0.0,0.0,0.0,1027658.174,0.0,2020,NY,0.0,0.0
"CO2 Capture, Ethanol Production",25029.6,11.75,14.006,0.0,0.0,0.0,0.0,0.0,0.0,0.0,0.0,0.0,0.0,2020,NY,25055.356,0.0
"CO2 Capture, Ethanol Production, Wastewater Treatment",74394.9,79.0,42.018,0.0,0.0,0.0,0.0,0.0,0.0,0.0,0.0,0.0,0.0,2020,NY,74515.91799999999,0.0
"CO2 Capture, Food Processing",25330.4,18.5,29.8,0.0,0.0,0.0,0.0,0.0,0.0,0.0,0.0,0.0,0.0,2020,NY,25378.7,0.0
Electronics Manufacturing,92772.0,45.0,24764.098,1579.4029,130786.682591,1279.08,14802.32,91420.0,223.56,1.41e-05,0.0,0.0,357672.1435051,2020,NY,0.0,0.0
Food Processing,282936.8,134.25,162.41,0.0,0.0,0.0,0.0,0.0,0.0,0.0,0.0,0.0,0.0,2020,NY,283233.46,0.0
Glass Production,320281.1,111.5,133.206,0.0,0.0,0.0,0.0,0.0,0.0,0.0,0.0,320525.806,0.0,2020,NY,0.0,0.0
Hydrogen Production,28854.7,0.0,0.0,0.0,0.0,0.0,0.0,0.0,0.0,0.0,28854.7,0.0,0.0,2020,NY,0.0,0.0
"Industrial Landfills, Other Manufacturing",129229.7,994.0,72.712,0.0,0.0,0.0,0.0,0.0,0.0,0.0,0.0,0.0,0.0,2020,NY,130296.412,0.0
"Industrial Landfills, Other Metals",6563.7,7544.75,3.576,0.0,0.0,0.0,0.0,0.0,0.0,0.0,0.0,0.0,0.0,2020,NY,14112.026,0.0
"Industrial Landfills, Pulp and Paper Manufacturing",146545.1,49696.5,1575.824,0.0,0.0,0.0,0.0,0.0,0.0,0.0,0.0,0.0,0.0,2020,NY,197817.424,0.0
Iron and Steel Production,87233.2,19.5,23.244,0.0,0.0,0.0,0.0,0.0,0.0,0.0,0.0,0.0,0.0,2020,NY,87275.944,0.0
Lead Production,104983.6,12.0,14.304,0.0,0.0,0.0,0.0,0.0,0.0,0.0,0.0,0.0,0.0,2020,NY,105009.904,0.0
Military,37613.2,18.25,22.648,0.0,0.0,0.0,0.0,0.0,0.0,0.0,0.0,0.0,0.0,2020,NY,37654.098,0.0
Municipal Landfills,9305.8,2205086.5,662.454,0.0,0.0,0.0,0.0,0.0,0.0,0.0,0.0,0.0,0.0,2020,NY,2215054.754,0.0
"Natural Gas Distribution, Natural Gas Local Distribution Companies",16441.5,1061971.75,9.238,0.0,0.0,0.0,0.0,0.0,0.0,0.0,0.0,0.0,0.0,2020,NY,0.0,1078422.488
Natural Gas Transmission Pipelines,18.8,16372.25,0.0,0.0,0.0,0.0,0.0,0.0,0.0,0.0,0.0,0.0,0.0,2020,NY,0.0,16391.05
Natural Gas Transmission/Compression,668557.5,56957.0,376.076,0.0,0.0,0.0,0.0,0.0,0.0,0.0,0.0,0.0,0.0,2020,NY,0.0,725890.576
Other Chemicals,19005.2,9.0,10.728,0.0,0.0,0.0,0.0,0.0,0.0,0.0,19024.928,0.0,0.0,2020,NY,0.0,0.0
Other Combustion,865393.1,421.75,533.42,0.0,0.0,0.0,0.0,0.0,0.0,0.0,0.0,0.0,0.0,2020,NY,866348.27,0.0
Other Manufacturing,140483.9,66.0,78.672,0.0,0.0,0.0,0.0,0.0,0.0,0.0,0.0,0.0,0.0,2020,NY,140628.572,0.0
Other Metals,323206.7,153.25,184.164,0.0,0.0,0.0,0.0,0.0,0.0,0.0,0.0,0.0,0.0,2020,NY,323544.114,0.0
Other Minerals,224343.0,262.5,414.22,0.0,0.0,0.0,0.0,0.0,0.0,0.0,0.0,225019.72,0.0,2020,NY,0.0,0.0
Other Paper Producers,360901.6,172.0,207.11,0.0,0.0,0.0,0.0,0.0,0.0,0.0,0.0,0.0,0.0,2020,NY,361280.71,0.0
"Other Paper Producers, Wastewater Treatment",24926.3,810.0,14.006,0.0,0.0,0.0,0.0,0.0,0.0,0.0,0.0,0.0,0.0,2020,NY,25750.306,0.0
Power Plants,25233592.4,19404.4,30799.49199999999,0.0,0.0,0.0,0.0,0.0,0.0,0.0,0.0,0.0,0.0,2020,NY,0.0,25283796.292
Pulp and Paper Manufacturing,156098.4,225.0,830.526,0.0,0.0,0.0,0.0,0.0,0.0,0.0,0.0,0.0,0.0,2020,NY,157153.926,0.0
Solid Waste Combustion,1073394.7,25199.75,39424.208,0.0,0.0,0.0,0.0,0.0,0.0,0.0,0.0,0.0,0.0,2020,NY,1138018.658,0.0
Underground Natural Gas Storage,5217.4,15978.5,2.98,0.0,0.0,0.0,0.0,0.0,0.0,0.0,0.0,0.0,0.0,2020,NY,0.0,21198.88
Universities,478277.6,360.0,484.25,0.0,0.0,0.0,0.0,0.0,0.0,0.0,0.0,0.0,0.0,2020,NY,479121.85,0.0
